Included features;Churn in 1 months;Churn in 2 months;Churn in 3 months
((3, 11),);{'parameter_settings': {'reg_alpha': 0, 'n_jobs': -1, 'colsample_bytree': 1, 'silent': True, 'colsample_bylevel': 1, 'scale_pos_weight': 1.0, 'learning_rate': 0.05, 'missing': None, 'max_delta_step': 0, 'nthread': None, 'base_score': 0.5, 'n_estimators': 800, 'subsample': 1, 'reg_lambda': 1, 'random_state': 0, 'min_child_weight': 1, 'objective': 'binary:logistic', 'seed': None, 'max_depth': 4, 'gamma': 0, 'booster': 'gbtree'}, 'AUC_scores': [0.5918152287795859, 0.6819153393530523, 0.6559223390306181, 0.6981469709767587, 0.682888437810774, 0.7061345494697614, 0.6170581790316123, 0.6530071990776033, 0.6427104226109791, 0.7071908774814586]};{'parameter_settings': {'reg_alpha': 0, 'n_jobs': -1, 'colsample_bytree': 1, 'silent': True, 'colsample_bylevel': 1, 'scale_pos_weight': 1.0, 'learning_rate': 0.05, 'missing': None, 'max_delta_step': 0, 'nthread': None, 'base_score': 0.5, 'n_estimators': 800, 'subsample': 1, 'reg_lambda': 1, 'random_state': 0, 'min_child_weight': 1, 'objective': 'binary:logistic', 'seed': None, 'max_depth': 4, 'gamma': 0, 'booster': 'gbtree'}, 'AUC_scores': [0.6077871518232382, 0.5914569744200691, 0.5646979839267026, 0.6379449964669173, 0.6130058449296281, 0.5777601694793004, 0.6131674890247312, 0.5843537584966013, 0.647190504951729, 0.5702390843742057]};{'parameter_settings': {'reg_alpha': 0, 'n_jobs': -1, 'colsample_bytree': 1, 'silent': True, 'colsample_bylevel': 1, 'scale_pos_weight': 1.0, 'learning_rate': 0.05, 'missing': None, 'max_delta_step': 0, 'nthread': None, 'base_score': 0.5, 'n_estimators': 800, 'subsample': 1, 'reg_lambda': 1, 'random_state': 0, 'min_child_weight': 1, 'objective': 'binary:logistic', 'seed': None, 'max_depth': 4, 'gamma': 0, 'booster': 'gbtree'}, 'AUC_scores': [0.5377577028916858, 0.5634416125063154, 0.5539866355124392, 0.5723449212026258, 0.5654474102912088, 0.5884054814037099, 0.5795444957047045, 0.54451573105698, 0.5813130541983351, 0.5531276425440721]}
((13, 14),);{'parameter_settings': {'reg_alpha': 0, 'n_jobs': -1, 'colsample_bytree': 1, 'silent': True, 'colsample_bylevel': 1, 'scale_pos_weight': 1.0, 'learning_rate': 0.1, 'missing': None, 'max_delta_step': 0, 'nthread': None, 'base_score': 0.5, 'n_estimators': 800, 'subsample': 1, 'reg_lambda': 1, 'random_state': 0, 'min_child_weight': 1, 'objective': 'binary:logistic', 'seed': None, 'max_depth': 8, 'gamma': 0, 'booster': 'gbtree'}, 'AUC_scores': [0.7446316884793447, 0.7493707524632003, 0.7257996203718526, 0.709230801638878, 0.6926475055178503, 0.6497957113836731, 0.7264224086647393, 0.696363060298826, 0.7378148650824687, 0.7444049930472743]};{'parameter_settings': {'reg_alpha': 0, 'n_jobs': -1, 'colsample_bytree': 1, 'silent': True, 'colsample_bylevel': 1, 'scale_pos_weight': 1.0, 'learning_rate': 0.2, 'missing': None, 'max_delta_step': 0, 'nthread': None, 'base_score': 0.5, 'n_estimators': 800, 'subsample': 1, 'reg_lambda': 1, 'random_state': 0, 'min_child_weight': 1, 'objective': 'binary:logistic', 'seed': None, 'max_depth': 8, 'gamma': 0, 'booster': 'gbtree'}, 'AUC_scores': [0.7105907820345152, 0.7334279084060362, 0.7409318800851525, 0.7268463569239763, 0.7549268848940165, 0.7396448604368343, 0.7318148222804542, 0.7236924309069503, 0.7291393095564627, 0.7340082984592367]};{'parameter_settings': {'reg_alpha': 0, 'n_jobs': -1, 'colsample_bytree': 1, 'silent': True, 'colsample_bylevel': 1, 'scale_pos_weight': 1.0, 'learning_rate': 0.2, 'missing': None, 'max_delta_step': 0, 'nthread': None, 'base_score': 0.5, 'n_estimators': 800, 'subsample': 1, 'reg_lambda': 1, 'random_state': 0, 'min_child_weight': 1, 'objective': 'binary:logistic', 'seed': None, 'max_depth': 8, 'gamma': 0, 'booster': 'gbtree'}, 'AUC_scores': [0.7221301367601656, 0.7449004428697537, 0.7345871871197269, 0.740987017574609, 0.72178251736601, 0.6950379937052108, 0.7470477945728073, 0.7161825718500077, 0.7375357573020175, 0.7037527016266636]}
((6, 7),);{'parameter_settings': {'reg_alpha': 0, 'n_jobs': -1, 'colsample_bytree': 1, 'silent': True, 'colsample_bylevel': 1, 'scale_pos_weight': 1.0, 'learning_rate': 0.05, 'missing': None, 'max_delta_step': 0, 'nthread': None, 'base_score': 0.5, 'n_estimators': 800, 'subsample': 1, 'reg_lambda': 1, 'random_state': 0, 'min_child_weight': 1, 'objective': 'binary:logistic', 'seed': None, 'max_depth': 4, 'gamma': 0, 'booster': 'gbtree'}, 'AUC_scores': [0.4905202061000577, 0.5174826727894887, 0.5174366950083096, 0.5095624850831099, 0.5069517609440777, 0.5143903126789304, 0.49491593957739793, 0.5400549328543754, 0.5150384368326215, 0.5297257122703684]};{'parameter_settings': {'reg_alpha': 0, 'n_jobs': -1, 'colsample_bytree': 1, 'silent': True, 'colsample_bylevel': 1, 'scale_pos_weight': 1.0, 'learning_rate': 0.2, 'missing': None, 'max_delta_step': 0, 'nthread': None, 'base_score': 0.5, 'n_estimators': 800, 'subsample': 1, 'reg_lambda': 1, 'random_state': 0, 'min_child_weight': 1, 'objective': 'binary:logistic', 'seed': None, 'max_depth': 6, 'gamma': 0, 'booster': 'gbtree'}, 'AUC_scores': [0.5066035646125291, 0.5024769370665938, 0.5072253148142913, 0.513831980027139, 0.50245111218301, 0.5102946722417884, 0.4888166894664842, 0.48158394154812073, 0.5001871764073724, 0.5063067082825229]};{'parameter_settings': {'reg_alpha': 0, 'n_jobs': -1, 'colsample_bytree': 1, 'silent': True, 'colsample_bylevel': 1, 'scale_pos_weight': 1.0, 'learning_rate': 0.05, 'missing': None, 'max_delta_step': 0, 'nthread': None, 'base_score': 0.5, 'n_estimators': 800, 'subsample': 1, 'reg_lambda': 1, 'random_state': 0, 'min_child_weight': 1, 'objective': 'binary:logistic', 'seed': None, 'max_depth': 4, 'gamma': 0, 'booster': 'gbtree'}, 'AUC_scores': [0.5237567049420973, 0.509031993426695, 0.5184525355072159, 0.5030865287637796, 0.5106800012949855, 0.5158296228666062, 0.5190314935394532, 0.5133484493595297, 0.5097993006113605, 0.514479718266159]}
((9, 10, 12),);{'parameter_settings': {'reg_alpha': 0, 'n_jobs': -1, 'colsample_bytree': 1, 'silent': True, 'colsample_bylevel': 1, 'scale_pos_weight': 1.0, 'learning_rate': 0.1, 'missing': None, 'max_delta_step': 0, 'nthread': None, 'base_score': 0.5, 'n_estimators': 800, 'subsample': 1, 'reg_lambda': 1, 'random_state': 0, 'min_child_weight': 1, 'objective': 'binary:logistic', 'seed': None, 'max_depth': 8, 'gamma': 0, 'booster': 'gbtree'}, 'AUC_scores': [0.7525785437689563, 0.7900864944445722, 0.7520425047342825, 0.7634294542795674, 0.7420404485382459, 0.7951290540156836, 0.8225618098397582, 0.7699546824319661, 0.731392064832795, 0.7476375363229404]};{'parameter_settings': {'reg_alpha': 0, 'n_jobs': -1, 'colsample_bytree': 1, 'silent': True, 'colsample_bylevel': 1, 'scale_pos_weight': 1.0, 'learning_rate': 0.2, 'missing': None, 'max_delta_step': 0, 'nthread': None, 'base_score': 0.5, 'n_estimators': 800, 'subsample': 1, 'reg_lambda': 1, 'random_state': 0, 'min_child_weight': 1, 'objective': 'binary:logistic', 'seed': None, 'max_depth': 8, 'gamma': 0, 'booster': 'gbtree'}, 'AUC_scores': [0.7989685517694672, 0.7899482569586469, 0.7393272003921434, 0.7717060128707568, 0.764352581842614, 0.7535787530584094, 0.7522735455962872, 0.77207782229234, 0.7687490790857874, 0.7754111548501668]};{'parameter_settings': {'reg_alpha': 0, 'n_jobs': -1, 'colsample_bytree': 1, 'silent': True, 'colsample_bylevel': 1, 'scale_pos_weight': 1.0, 'learning_rate': 0.2, 'missing': None, 'max_delta_step': 0, 'nthread': None, 'base_score': 0.5, 'n_estimators': 800, 'subsample': 1, 'reg_lambda': 1, 'random_state': 0, 'min_child_weight': 1, 'objective': 'binary:logistic', 'seed': None, 'max_depth': 8, 'gamma': 0, 'booster': 'gbtree'}, 'AUC_scores': [0.7911020687394776, 0.7795641620924207, 0.7823891758882866, 0.7890003060270339, 0.7925606906132636, 0.7980364156090389, 0.7856412739606242, 0.7949215153195752, 0.7737589896343764, 0.775201279262193]}
((4, 5, 8),);{'parameter_settings': {'reg_alpha': 0, 'n_jobs': -1, 'colsample_bytree': 1, 'silent': True, 'colsample_bylevel': 1, 'scale_pos_weight': 1.0, 'learning_rate': 0.05, 'missing': None, 'max_delta_step': 0, 'nthread': None, 'base_score': 0.5, 'n_estimators': 800, 'subsample': 1, 'reg_lambda': 1, 'random_state': 0, 'min_child_weight': 1, 'objective': 'binary:logistic', 'seed': None, 'max_depth': 4, 'gamma': 0, 'booster': 'gbtree'}, 'AUC_scores': [0.5430854134557839, 0.5428824462596069, 0.5270753089138291, 0.5543168075081548, 0.5242794077207276, 0.5264311930978597, 0.5115905800790417, 0.5072355075905121, 0.4915918337648478, 0.5467113714608705]};{'parameter_settings': {'reg_alpha': 0, 'n_jobs': -1, 'colsample_bytree': 1, 'silent': True, 'colsample_bylevel': 1, 'scale_pos_weight': 1.0, 'learning_rate': 0.05, 'missing': None, 'max_delta_step': 0, 'nthread': None, 'base_score': 0.5, 'n_estimators': 800, 'subsample': 1, 'reg_lambda': 1, 'random_state': 0, 'min_child_weight': 1, 'objective': 'binary:logistic', 'seed': None, 'max_depth': 6, 'gamma': 0, 'booster': 'gbtree'}, 'AUC_scores': [0.5071853170338528, 0.511127127840495, 0.5385868349219134, 0.5193548108131906, 0.5085868710314795, 0.527675405247737, 0.5107006377776757, 0.5076650411247422, 0.5193211500090694, 0.5190451902669417]};{'parameter_settings': {'reg_alpha': 0, 'n_jobs': -1, 'colsample_bytree': 1, 'silent': True, 'colsample_bylevel': 1, 'scale_pos_weight': 1.0, 'learning_rate': 0.05, 'missing': None, 'max_delta_step': 0, 'nthread': None, 'base_score': 0.5, 'n_estimators': 800, 'subsample': 1, 'reg_lambda': 1, 'random_state': 0, 'min_child_weight': 1, 'objective': 'binary:logistic', 'seed': None, 'max_depth': 4, 'gamma': 0, 'booster': 'gbtree'}, 'AUC_scores': [0.5182759821105357, 0.5061278169070019, 0.5185899312272328, 0.5031706391894688, 0.4994646893653091, 0.5145274281008352, 0.5135261199649985, 0.5146640512918768, 0.4919490016364685, 0.5152292635952767]}
((3, 11), (13, 14));{'parameter_settings': {'reg_alpha': 0, 'n_jobs': -1, 'colsample_bytree': 1, 'silent': True, 'colsample_bylevel': 1, 'scale_pos_weight': 1.0, 'learning_rate': 0.05, 'missing': None, 'max_delta_step': 0, 'nthread': None, 'base_score': 0.5, 'n_estimators': 800, 'subsample': 1, 'reg_lambda': 1, 'random_state': 0, 'min_child_weight': 1, 'objective': 'binary:logistic', 'seed': None, 'max_depth': 8, 'gamma': 0, 'booster': 'gbtree'}, 'AUC_scores': [0.7727675393349615, 0.8326426360131226, 0.8129419023479189, 0.8421698097048799, 0.8066749396210657, 0.785364200179015, 0.8082799010402002, 0.8513510183335986, 0.7624222105703586, 0.8399645813256736]};{'parameter_settings': {'reg_alpha': 0, 'n_jobs': -1, 'colsample_bytree': 1, 'silent': True, 'colsample_bylevel': 1, 'scale_pos_weight': 1.0, 'learning_rate': 0.1, 'missing': None, 'max_delta_step': 0, 'nthread': None, 'base_score': 0.5, 'n_estimators': 800, 'subsample': 1, 'reg_lambda': 1, 'random_state': 0, 'min_child_weight': 1, 'objective': 'binary:logistic', 'seed': None, 'max_depth': 8, 'gamma': 0, 'booster': 'gbtree'}, 'AUC_scores': [0.7836322443381915, 0.7959043534442451, 0.7974326662777512, 0.7882634084497582, 0.7426536857680925, 0.7800198914189211, 0.7557430813752922, 0.7571023544737792, 0.7627244173905753, 0.7845226718989696]};{'parameter_settings': {'reg_alpha': 0, 'n_jobs': -1, 'colsample_bytree': 1, 'silent': True, 'colsample_bylevel': 1, 'scale_pos_weight': 1.0, 'learning_rate': 0.2, 'missing': None, 'max_delta_step': 0, 'nthread': None, 'base_score': 0.5, 'n_estimators': 800, 'subsample': 1, 'reg_lambda': 1, 'random_state': 0, 'min_child_weight': 1, 'objective': 'binary:logistic', 'seed': None, 'max_depth': 8, 'gamma': 0, 'booster': 'gbtree'}, 'AUC_scores': [0.7687956170034542, 0.7519759841921265, 0.7493795494574522, 0.7602277731050072, 0.7329358246255754, 0.773080677271585, 0.7557283971026081, 0.7566074472471278, 0.746442384256626, 0.7673480054148176]}
((3, 11), (6, 7));{'parameter_settings': {'reg_alpha': 0, 'n_jobs': -1, 'colsample_bytree': 1, 'silent': True, 'colsample_bylevel': 1, 'scale_pos_weight': 1.0, 'learning_rate': 0.05, 'missing': None, 'max_delta_step': 0, 'nthread': None, 'base_score': 0.5, 'n_estimators': 800, 'subsample': 1, 'reg_lambda': 1, 'random_state': 0, 'min_child_weight': 1, 'objective': 'binary:logistic', 'seed': None, 'max_depth': 4, 'gamma': 0, 'booster': 'gbtree'}, 'AUC_scores': [0.6752904573901705, 0.717221286038441, 0.6251544432737233, 0.6843161952179568, 0.6976983632020521, 0.6930685854588748, 0.6035818078567611, 0.6607934024982172, 0.6073352096622269, 0.6654126979111443]};{'parameter_settings': {'reg_alpha': 0, 'n_jobs': -1, 'colsample_bytree': 1, 'silent': True, 'colsample_bylevel': 1, 'scale_pos_weight': 1.0, 'learning_rate': 0.05, 'missing': None, 'max_delta_step': 0, 'nthread': None, 'base_score': 0.5, 'n_estimators': 800, 'subsample': 1, 'reg_lambda': 1, 'random_state': 0, 'min_child_weight': 1, 'objective': 'binary:logistic', 'seed': None, 'max_depth': 4, 'gamma': 0, 'booster': 'gbtree'}, 'AUC_scores': [0.5866041846231704, 0.5954302953888235, 0.583775114454845, 0.5493027531163125, 0.6271673352426571, 0.6003469406665445, 0.6197161558971347, 0.5742115260904127, 0.5795633326768757, 0.603569212197465]};{'parameter_settings': {'reg_alpha': 0, 'n_jobs': -1, 'colsample_bytree': 1, 'silent': True, 'colsample_bylevel': 1, 'scale_pos_weight': 1.0, 'learning_rate': 0.05, 'missing': None, 'max_delta_step': 0, 'nthread': None, 'base_score': 0.5, 'n_estimators': 800, 'subsample': 1, 'reg_lambda': 1, 'random_state': 0, 'min_child_weight': 1, 'objective': 'binary:logistic', 'seed': None, 'max_depth': 4, 'gamma': 0, 'booster': 'gbtree'}, 'AUC_scores': [0.5490250044266666, 0.5743357733496001, 0.5678504701738866, 0.5521512346714192, 0.5931125431991848, 0.6114554669769539, 0.5926190293389606, 0.5993369795730933, 0.571027079545573, 0.5943178647960599]}
((3, 11), (9, 10, 12));{'parameter_settings': {'reg_alpha': 0, 'n_jobs': -1, 'colsample_bytree': 1, 'silent': True, 'colsample_bylevel': 1, 'scale_pos_weight': 1.0, 'learning_rate': 0.05, 'missing': None, 'max_delta_step': 0, 'nthread': None, 'base_score': 0.5, 'n_estimators': 800, 'subsample': 1, 'reg_lambda': 1, 'random_state': 0, 'min_child_weight': 1, 'objective': 'binary:logistic', 'seed': None, 'max_depth': 8, 'gamma': 0, 'booster': 'gbtree'}, 'AUC_scores': [0.8557492914589269, 0.8587192132011383, 0.8736479322008193, 0.8636512357770478, 0.8297834688189374, 0.8527053817373308, 0.8301654085560302, 0.8003386868766199, 0.8185538532768286, 0.8189283409009971]};{'parameter_settings': {'reg_alpha': 0, 'n_jobs': -1, 'colsample_bytree': 1, 'silent': True, 'colsample_bylevel': 1, 'scale_pos_weight': 1.0, 'learning_rate': 0.1, 'missing': None, 'max_delta_step': 0, 'nthread': None, 'base_score': 0.5, 'n_estimators': 800, 'subsample': 1, 'reg_lambda': 1, 'random_state': 0, 'min_child_weight': 1, 'objective': 'binary:logistic', 'seed': None, 'max_depth': 8, 'gamma': 0, 'booster': 'gbtree'}, 'AUC_scores': [0.8122314062078368, 0.7822320519181044, 0.8174038528770908, 0.7849433996893046, 0.8149737436564783, 0.7997672347866478, 0.8039794641073851, 0.8022633103866725, 0.8212102602570628, 0.8212734249059646]};{'parameter_settings': {'reg_alpha': 0, 'n_jobs': -1, 'colsample_bytree': 1, 'silent': True, 'colsample_bylevel': 1, 'scale_pos_weight': 1.0, 'learning_rate': 0.1, 'missing': None, 'max_delta_step': 0, 'nthread': None, 'base_score': 0.5, 'n_estimators': 800, 'subsample': 1, 'reg_lambda': 1, 'random_state': 0, 'min_child_weight': 1, 'objective': 'binary:logistic', 'seed': None, 'max_depth': 8, 'gamma': 0, 'booster': 'gbtree'}, 'AUC_scores': [0.8027607955424858, 0.8062535068042329, 0.7952702411647784, 0.807520199473698, 0.7921478839545496, 0.7937745821349453, 0.787109355690233, 0.8237140040781508, 0.8064013483501932, 0.7955128012960038]}
((3, 11), (4, 5, 8));{'parameter_settings': {'reg_alpha': 0, 'n_jobs': -1, 'colsample_bytree': 1, 'silent': True, 'colsample_bylevel': 1, 'scale_pos_weight': 1.0, 'learning_rate': 0.05, 'missing': None, 'max_delta_step': 0, 'nthread': None, 'base_score': 0.5, 'n_estimators': 800, 'subsample': 1, 'reg_lambda': 1, 'random_state': 0, 'min_child_weight': 1, 'objective': 'binary:logistic', 'seed': None, 'max_depth': 4, 'gamma': 0, 'booster': 'gbtree'}, 'AUC_scores': [0.67921329136601, 0.7095420964272331, 0.6385930915576107, 0.6698245638505289, 0.6481071695443273, 0.6909580420953428, 0.6715325554581492, 0.653390976395045, 0.6213002880415085, 0.6774969955935373]};{'parameter_settings': {'reg_alpha': 0, 'n_jobs': -1, 'colsample_bytree': 1, 'silent': True, 'colsample_bylevel': 1, 'scale_pos_weight': 1.0, 'learning_rate': 0.05, 'missing': None, 'max_delta_step': 0, 'nthread': None, 'base_score': 0.5, 'n_estimators': 800, 'subsample': 1, 'reg_lambda': 1, 'random_state': 0, 'min_child_weight': 1, 'objective': 'binary:logistic', 'seed': None, 'max_depth': 4, 'gamma': 0, 'booster': 'gbtree'}, 'AUC_scores': [0.6287185792087291, 0.6424246239088863, 0.6358789765178318, 0.6059115530756314, 0.6212691504347403, 0.5774690114002219, 0.592443091352048, 0.5671221385391916, 0.6110209833538608, 0.5825925086159985]};{'parameter_settings': {'reg_alpha': 0, 'n_jobs': -1, 'colsample_bytree': 1, 'silent': True, 'colsample_bylevel': 1, 'scale_pos_weight': 1.0, 'learning_rate': 0.05, 'missing': None, 'max_delta_step': 0, 'nthread': None, 'base_score': 0.5, 'n_estimators': 800, 'subsample': 1, 'reg_lambda': 1, 'random_state': 0, 'min_child_weight': 1, 'objective': 'binary:logistic', 'seed': None, 'max_depth': 4, 'gamma': 0, 'booster': 'gbtree'}, 'AUC_scores': [0.5966749475272203, 0.5942028985507246, 0.601990673844473, 0.5706486462719149, 0.6004726834306116, 0.6013240704944558, 0.598662043547143, 0.55743511397546, 0.5820449970930556, 0.6225879900099595]}
((13, 14), (6, 7));{'parameter_settings': {'reg_alpha': 0, 'n_jobs': -1, 'colsample_bytree': 1, 'silent': True, 'colsample_bylevel': 1, 'scale_pos_weight': 1.0, 'learning_rate': 0.1, 'missing': None, 'max_delta_step': 0, 'nthread': None, 'base_score': 0.5, 'n_estimators': 800, 'subsample': 1, 'reg_lambda': 1, 'random_state': 0, 'min_child_weight': 1, 'objective': 'binary:logistic', 'seed': None, 'max_depth': 8, 'gamma': 0, 'booster': 'gbtree'}, 'AUC_scores': [0.7360836493749046, 0.7469587351508276, 0.7089896806912257, 0.7157412524775117, 0.6674076374497188, 0.7161764705882353, 0.7095367826912062, 0.7302702043730789, 0.6519260067622019, 0.6500206644481086]};{'parameter_settings': {'reg_alpha': 0, 'n_jobs': -1, 'colsample_bytree': 1, 'silent': True, 'colsample_bylevel': 1, 'scale_pos_weight': 1.0, 'learning_rate': 0.2, 'missing': None, 'max_delta_step': 0, 'nthread': None, 'base_score': 0.5, 'n_estimators': 800, 'subsample': 1, 'reg_lambda': 1, 'random_state': 0, 'min_child_weight': 1, 'objective': 'binary:logistic', 'seed': None, 'max_depth': 8, 'gamma': 0, 'booster': 'gbtree'}, 'AUC_scores': [0.6952134652477234, 0.7302698693371645, 0.7199015793972044, 0.7418115946574687, 0.7137731001542387, 0.6858649369477331, 0.7156631829278473, 0.7391174022794578, 0.7159898691604965, 0.6977169194970241]};{'parameter_settings': {'reg_alpha': 0, 'n_jobs': -1, 'colsample_bytree': 1, 'silent': True, 'colsample_bylevel': 1, 'scale_pos_weight': 1.0, 'learning_rate': 0.2, 'missing': None, 'max_delta_step': 0, 'nthread': None, 'base_score': 0.5, 'n_estimators': 800, 'subsample': 1, 'reg_lambda': 1, 'random_state': 0, 'min_child_weight': 1, 'objective': 'binary:logistic', 'seed': None, 'max_depth': 8, 'gamma': 0, 'booster': 'gbtree'}, 'AUC_scores': [0.7299031061980438, 0.7251144749290446, 0.7153834174104503, 0.7434946527605437, 0.7287461442917859, 0.7118020002703067, 0.6994027013929491, 0.7154182477439528, 0.7405900607102353, 0.7239865874176454]}
((13, 14), (9, 10, 12));{'parameter_settings': {'reg_alpha': 0, 'n_jobs': -1, 'colsample_bytree': 1, 'silent': True, 'colsample_bylevel': 1, 'scale_pos_weight': 1.0, 'learning_rate': 0.05, 'missing': None, 'max_delta_step': 0, 'nthread': None, 'base_score': 0.5, 'n_estimators': 800, 'subsample': 1, 'reg_lambda': 1, 'random_state': 0, 'min_child_weight': 1, 'objective': 'binary:logistic', 'seed': None, 'max_depth': 8, 'gamma': 0, 'booster': 'gbtree'}, 'AUC_scores': [0.7844908840103072, 0.7823419505884668, 0.7989916757071786, 0.7947942529682406, 0.7725103374469963, 0.8131697708262896, 0.7959551004565554, 0.8424551807107655, 0.812635859101854, 0.731619808417194]};{'parameter_settings': {'reg_alpha': 0, 'n_jobs': -1, 'colsample_bytree': 1, 'silent': True, 'colsample_bylevel': 1, 'scale_pos_weight': 1.0, 'learning_rate': 0.1, 'missing': None, 'max_delta_step': 0, 'nthread': None, 'base_score': 0.5, 'n_estimators': 800, 'subsample': 1, 'reg_lambda': 1, 'random_state': 0, 'min_child_weight': 1, 'objective': 'binary:logistic', 'seed': None, 'max_depth': 8, 'gamma': 0, 'booster': 'gbtree'}, 'AUC_scores': [0.7801686520305116, 0.7892528328692727, 0.7750622000404809, 0.8228589071002784, 0.7935069130169381, 0.806228157038762, 0.8017280733820167, 0.7988478556555615, 0.8050912831588678, 0.8031695204542173]};{'parameter_settings': {'reg_alpha': 0, 'n_jobs': -1, 'colsample_bytree': 1, 'silent': True, 'colsample_bylevel': 1, 'scale_pos_weight': 1.0, 'learning_rate': 0.1, 'missing': None, 'max_delta_step': 0, 'nthread': None, 'base_score': 0.5, 'n_estimators': 800, 'subsample': 1, 'reg_lambda': 1, 'random_state': 0, 'min_child_weight': 1, 'objective': 'binary:logistic', 'seed': None, 'max_depth': 8, 'gamma': 0, 'booster': 'gbtree'}, 'AUC_scores': [0.8024968339789992, 0.8084246853430777, 0.7752935697015757, 0.8011060088898898, 0.793408541290274, 0.769880859023005, 0.7956576470714934, 0.8015844419536755, 0.780043004952387, 0.7870104217410936]}
((13, 14), (4, 5, 8));{'parameter_settings': {'reg_alpha': 0, 'n_jobs': -1, 'colsample_bytree': 1, 'silent': True, 'colsample_bylevel': 1, 'scale_pos_weight': 1.0, 'learning_rate': 0.2, 'missing': None, 'max_delta_step': 0, 'nthread': None, 'base_score': 0.5, 'n_estimators': 800, 'subsample': 1, 'reg_lambda': 1, 'random_state': 0, 'min_child_weight': 1, 'objective': 'binary:logistic', 'seed': None, 'max_depth': 8, 'gamma': 0, 'booster': 'gbtree'}, 'AUC_scores': [0.6788819944844764, 0.7002119400295146, 0.7427640242232845, 0.7210276414445813, 0.6844480620726553, 0.7309008183557643, 0.7294232507817943, 0.7385304274247031, 0.6707516311149233, 0.7323756094303078]};{'parameter_settings': {'reg_alpha': 0, 'n_jobs': -1, 'colsample_bytree': 1, 'silent': True, 'colsample_bylevel': 1, 'scale_pos_weight': 1.0, 'learning_rate': 0.2, 'missing': None, 'max_delta_step': 0, 'nthread': None, 'base_score': 0.5, 'n_estimators': 800, 'subsample': 1, 'reg_lambda': 1, 'random_state': 0, 'min_child_weight': 1, 'objective': 'binary:logistic', 'seed': None, 'max_depth': 8, 'gamma': 0, 'booster': 'gbtree'}, 'AUC_scores': [0.6871744308314738, 0.7328361020399516, 0.7217624023847035, 0.7484237257391619, 0.7076680101189119, 0.7274309481824723, 0.7486944268086988, 0.7374398409709144, 0.6957426188674752, 0.717018683558833]};{'parameter_settings': {'reg_alpha': 0, 'n_jobs': -1, 'colsample_bytree': 1, 'silent': True, 'colsample_bylevel': 1, 'scale_pos_weight': 1.0, 'learning_rate': 0.2, 'missing': None, 'max_delta_step': 0, 'nthread': None, 'base_score': 0.5, 'n_estimators': 800, 'subsample': 1, 'reg_lambda': 1, 'random_state': 0, 'min_child_weight': 1, 'objective': 'binary:logistic', 'seed': None, 'max_depth': 8, 'gamma': 0, 'booster': 'gbtree'}, 'AUC_scores': [0.6942424964775216, 0.703514542846906, 0.7095693410373092, 0.7171357638128664, 0.7017282609004596, 0.7204070523578037, 0.7535857288906671, 0.7207662754054869, 0.7120905152377234, 0.7228254135591434]}
((6, 7), (9, 10, 12));{'parameter_settings': {'reg_alpha': 0, 'n_jobs': -1, 'colsample_bytree': 1, 'silent': True, 'colsample_bylevel': 1, 'scale_pos_weight': 1.0, 'learning_rate': 0.05, 'missing': None, 'max_delta_step': 0, 'nthread': None, 'base_score': 0.5, 'n_estimators': 800, 'subsample': 1, 'reg_lambda': 1, 'random_state': 0, 'min_child_weight': 1, 'objective': 'binary:logistic', 'seed': None, 'max_depth': 8, 'gamma': 0, 'booster': 'gbtree'}, 'AUC_scores': [0.7584059190095898, 0.743985747950241, 0.7653082689125941, 0.7814296347536234, 0.7676394438616809, 0.7858366305260092, 0.8248941432301437, 0.7548273103080412, 0.7548718183273493, 0.7841982425530136]};{'parameter_settings': {'reg_alpha': 0, 'n_jobs': -1, 'colsample_bytree': 1, 'silent': True, 'colsample_bylevel': 1, 'scale_pos_weight': 1.0, 'learning_rate': 0.2, 'missing': None, 'max_delta_step': 0, 'nthread': None, 'base_score': 0.5, 'n_estimators': 800, 'subsample': 1, 'reg_lambda': 1, 'random_state': 0, 'min_child_weight': 1, 'objective': 'binary:logistic', 'seed': None, 'max_depth': 8, 'gamma': 0, 'booster': 'gbtree'}, 'AUC_scores': [0.7757067386178125, 0.7974104046242774, 0.7587919164131927, 0.7988622174081187, 0.7647528481444552, 0.754203700765171, 0.7876768113159242, 0.7429533557227388, 0.7715852208444702, 0.7235262364207433]};{'parameter_settings': {'reg_alpha': 0, 'n_jobs': -1, 'colsample_bytree': 1, 'silent': True, 'colsample_bylevel': 1, 'scale_pos_weight': 1.0, 'learning_rate': 0.2, 'missing': None, 'max_delta_step': 0, 'nthread': None, 'base_score': 0.5, 'n_estimators': 800, 'subsample': 1, 'reg_lambda': 1, 'random_state': 0, 'min_child_weight': 1, 'objective': 'binary:logistic', 'seed': None, 'max_depth': 8, 'gamma': 0, 'booster': 'gbtree'}, 'AUC_scores': [0.7592444333599502, 0.7643058528726601, 0.786867481080679, 0.7910116793709485, 0.7656157880422944, 0.7830163674353815, 0.7688192542196957, 0.7513256566223916, 0.7733639036974916, 0.7680044204826137]}
((6, 7), (4, 5, 8));{'parameter_settings': {'reg_alpha': 0, 'n_jobs': -1, 'colsample_bytree': 1, 'silent': True, 'colsample_bylevel': 1, 'scale_pos_weight': 1.0, 'learning_rate': 0.2, 'missing': None, 'max_delta_step': 0, 'nthread': None, 'base_score': 0.5, 'n_estimators': 800, 'subsample': 1, 'reg_lambda': 1, 'random_state': 0, 'min_child_weight': 1, 'objective': 'binary:logistic', 'seed': None, 'max_depth': 6, 'gamma': 0, 'booster': 'gbtree'}, 'AUC_scores': [0.5218844039382995, 0.5084027091430545, 0.5417357247005712, 0.5264070391060232, 0.5162274042308719, 0.5090645032051282, 0.5060528961569238, 0.543501532980491, 0.5106355566798668, 0.5028126967170898]};{'parameter_settings': {'reg_alpha': 0, 'n_jobs': -1, 'colsample_bytree': 1, 'silent': True, 'colsample_bylevel': 1, 'scale_pos_weight': 1.0, 'learning_rate': 0.05, 'missing': None, 'max_delta_step': 0, 'nthread': None, 'base_score': 0.5, 'n_estimators': 800, 'subsample': 1, 'reg_lambda': 1, 'random_state': 0, 'min_child_weight': 1, 'objective': 'binary:logistic', 'seed': None, 'max_depth': 4, 'gamma': 0, 'booster': 'gbtree'}, 'AUC_scores': [0.5127179618550847, 0.5093272007299712, 0.4972639613656573, 0.5207935087208285, 0.5329854404215791, 0.5286204887337157, 0.5154926405204286, 0.5198471659037808, 0.5082741330445046, 0.5242846281972695]};{'parameter_settings': {'reg_alpha': 0, 'n_jobs': -1, 'colsample_bytree': 1, 'silent': True, 'colsample_bylevel': 1, 'scale_pos_weight': 1.0, 'learning_rate': 0.05, 'missing': None, 'max_delta_step': 0, 'nthread': None, 'base_score': 0.5, 'n_estimators': 800, 'subsample': 1, 'reg_lambda': 1, 'random_state': 0, 'min_child_weight': 1, 'objective': 'binary:logistic', 'seed': None, 'max_depth': 4, 'gamma': 0, 'booster': 'gbtree'}, 'AUC_scores': [0.5150061206247704, 0.5300864455474736, 0.507707521163227, 0.5320889873986376, 0.5208805510512123, 0.5128593613775065, 0.50312487194538, 0.5238666961318723, 0.5075812507139389, 0.5157024008416827]}
((9, 10, 12), (4, 5, 8));{'parameter_settings': {'reg_alpha': 0, 'n_jobs': -1, 'colsample_bytree': 1, 'silent': True, 'colsample_bylevel': 1, 'scale_pos_weight': 1.0, 'learning_rate': 0.2, 'missing': None, 'max_delta_step': 0, 'nthread': None, 'base_score': 0.5, 'n_estimators': 800, 'subsample': 1, 'reg_lambda': 1, 'random_state': 0, 'min_child_weight': 1, 'objective': 'binary:logistic', 'seed': None, 'max_depth': 8, 'gamma': 0, 'booster': 'gbtree'}, 'AUC_scores': [0.762943555705603, 0.7297993609138811, 0.7922688150520416, 0.7988173872431279, 0.7725090286247904, 0.796693237368431, 0.7374857410470701, 0.776998316708498, 0.7227837679791536, 0.8182041741930417]};{'parameter_settings': {'reg_alpha': 0, 'n_jobs': -1, 'colsample_bytree': 1, 'silent': True, 'colsample_bylevel': 1, 'scale_pos_weight': 1.0, 'learning_rate': 0.2, 'missing': None, 'max_delta_step': 0, 'nthread': None, 'base_score': 0.5, 'n_estimators': 800, 'subsample': 1, 'reg_lambda': 1, 'random_state': 0, 'min_child_weight': 1, 'objective': 'binary:logistic', 'seed': None, 'max_depth': 8, 'gamma': 0, 'booster': 'gbtree'}, 'AUC_scores': [0.7744218435593253, 0.7505170277234157, 0.7417307299976768, 0.7332286913959023, 0.769414708390689, 0.7323725902678551, 0.7737624331488027, 0.7698180107750315, 0.7431362662753253, 0.7271661470043338]};{'parameter_settings': {'reg_alpha': 0, 'n_jobs': -1, 'colsample_bytree': 1, 'silent': True, 'colsample_bylevel': 1, 'scale_pos_weight': 1.0, 'learning_rate': 0.2, 'missing': None, 'max_delta_step': 0, 'nthread': None, 'base_score': 0.5, 'n_estimators': 800, 'subsample': 1, 'reg_lambda': 1, 'random_state': 0, 'min_child_weight': 1, 'objective': 'binary:logistic', 'seed': None, 'max_depth': 8, 'gamma': 0, 'booster': 'gbtree'}, 'AUC_scores': [0.7593488817520507, 0.7577580037232887, 0.7464221475130769, 0.7751159483300216, 0.7758386830565543, 0.7685674262511033, 0.7320562786362076, 0.7757507865394686, 0.7658842126481814, 0.7629470784595438]}
((3, 11), (13, 14), (6, 7));{'parameter_settings': {'reg_alpha': 0, 'n_jobs': -1, 'colsample_bytree': 1, 'silent': True, 'colsample_bylevel': 1, 'scale_pos_weight': 1.0, 'learning_rate': 0.1, 'missing': None, 'max_delta_step': 0, 'nthread': None, 'base_score': 0.5, 'n_estimators': 800, 'subsample': 1, 'reg_lambda': 1, 'random_state': 0, 'min_child_weight': 1, 'objective': 'binary:logistic', 'seed': None, 'max_depth': 4, 'gamma': 0, 'booster': 'gbtree'}, 'AUC_scores': [0.8345747739872559, 0.8125035087998049, 0.7706687474572051, 0.7984377165916244, 0.8303918023328617, 0.7912088917398175, 0.7692985383434559, 0.7973735640402306, 0.7706992706992708, 0.7832766539744282]};{'parameter_settings': {'reg_alpha': 0, 'n_jobs': -1, 'colsample_bytree': 1, 'silent': True, 'colsample_bylevel': 1, 'scale_pos_weight': 1.0, 'learning_rate': 0.2, 'missing': None, 'max_delta_step': 0, 'nthread': None, 'base_score': 0.5, 'n_estimators': 800, 'subsample': 1, 'reg_lambda': 1, 'random_state': 0, 'min_child_weight': 1, 'objective': 'binary:logistic', 'seed': None, 'max_depth': 8, 'gamma': 0, 'booster': 'gbtree'}, 'AUC_scores': [0.7636691146333879, 0.7409338009328434, 0.7933107250770379, 0.7583332291126021, 0.7919847965088405, 0.7713753523962947, 0.7265827862103907, 0.7662717332990789, 0.7491873825094761, 0.7557966806035349]};{'parameter_settings': {'reg_alpha': 0, 'n_jobs': -1, 'colsample_bytree': 1, 'silent': True, 'colsample_bylevel': 1, 'scale_pos_weight': 1.0, 'learning_rate': 0.2, 'missing': None, 'max_delta_step': 0, 'nthread': None, 'base_score': 0.5, 'n_estimators': 800, 'subsample': 1, 'reg_lambda': 1, 'random_state': 0, 'min_child_weight': 1, 'objective': 'binary:logistic', 'seed': None, 'max_depth': 6, 'gamma': 0, 'booster': 'gbtree'}, 'AUC_scores': [0.7538105860181213, 0.7610928173783287, 0.7516657087329459, 0.7520206642267018, 0.7611233250129765, 0.7578984307151657, 0.7543627053760528, 0.7376156160491967, 0.7576647034890371, 0.7426723174503136]}
((3, 11), (13, 14), (9, 10, 12));{'parameter_settings': {'reg_alpha': 0, 'n_jobs': -1, 'colsample_bytree': 1, 'silent': True, 'colsample_bylevel': 1, 'scale_pos_weight': 1.0, 'learning_rate': 0.05, 'missing': None, 'max_delta_step': 0, 'nthread': None, 'base_score': 0.5, 'n_estimators': 800, 'subsample': 1, 'reg_lambda': 1, 'random_state': 0, 'min_child_weight': 1, 'objective': 'binary:logistic', 'seed': None, 'max_depth': 6, 'gamma': 0, 'booster': 'gbtree'}, 'AUC_scores': [0.8415668202764978, 0.8592807665448232, 0.8719053781036461, 0.8320349963267215, 0.811662390273933, 0.8582981228959667, 0.8574091488309467, 0.8715024050561747, 0.8634418646027933, 0.8595675789035737]};{'parameter_settings': {'reg_alpha': 0, 'n_jobs': -1, 'colsample_bytree': 1, 'silent': True, 'colsample_bylevel': 1, 'scale_pos_weight': 1.0, 'learning_rate': 0.05, 'missing': None, 'max_delta_step': 0, 'nthread': None, 'base_score': 0.5, 'n_estimators': 800, 'subsample': 1, 'reg_lambda': 1, 'random_state': 0, 'min_child_weight': 1, 'objective': 'binary:logistic', 'seed': None, 'max_depth': 8, 'gamma': 0, 'booster': 'gbtree'}, 'AUC_scores': [0.8469958128857383, 0.8374911800460763, 0.8500578142094479, 0.8646569559904078, 0.7965320918585903, 0.854357786317899, 0.8150514413551029, 0.8002023549108408, 0.8378424327045122, 0.8258282790395722]};{'parameter_settings': {'reg_alpha': 0, 'n_jobs': -1, 'colsample_bytree': 1, 'silent': True, 'colsample_bylevel': 1, 'scale_pos_weight': 1.0, 'learning_rate': 0.1, 'missing': None, 'max_delta_step': 0, 'nthread': None, 'base_score': 0.5, 'n_estimators': 800, 'subsample': 1, 'reg_lambda': 1, 'random_state': 0, 'min_child_weight': 1, 'objective': 'binary:logistic', 'seed': None, 'max_depth': 8, 'gamma': 0, 'booster': 'gbtree'}, 'AUC_scores': [0.8233327290452176, 0.8073861449610364, 0.7851934315575855, 0.8360948413260063, 0.8327301183256862, 0.8182783242523786, 0.7976555189963158, 0.8181361810768344, 0.8219143204814898, 0.8102407173787038]}
((3, 11), (13, 14), (4, 5, 8));{'parameter_settings': {'reg_alpha': 0, 'n_jobs': -1, 'colsample_bytree': 1, 'silent': True, 'colsample_bylevel': 1, 'scale_pos_weight': 1.0, 'learning_rate': 0.05, 'missing': None, 'max_delta_step': 0, 'nthread': None, 'base_score': 0.5, 'n_estimators': 800, 'subsample': 1, 'reg_lambda': 1, 'random_state': 0, 'min_child_weight': 1, 'objective': 'binary:logistic', 'seed': None, 'max_depth': 6, 'gamma': 0, 'booster': 'gbtree'}, 'AUC_scores': [0.7801285747345547, 0.8085734158101975, 0.8016604889357177, 0.8109135398253207, 0.7470834953232556, 0.7835177350378484, 0.7923782627226271, 0.7611941433866167, 0.7761076680311936, 0.8280592208297384]};{'parameter_settings': {'reg_alpha': 0, 'n_jobs': -1, 'colsample_bytree': 1, 'silent': True, 'colsample_bylevel': 1, 'scale_pos_weight': 1.0, 'learning_rate': 0.2, 'missing': None, 'max_delta_step': 0, 'nthread': None, 'base_score': 0.5, 'n_estimators': 800, 'subsample': 1, 'reg_lambda': 1, 'random_state': 0, 'min_child_weight': 1, 'objective': 'binary:logistic', 'seed': None, 'max_depth': 8, 'gamma': 0, 'booster': 'gbtree'}, 'AUC_scores': [0.7783343491945425, 0.7506338997850618, 0.7720493769705232, 0.7797600881728718, 0.7526004584228908, 0.7756819753386802, 0.8158298461799721, 0.7393634208634005, 0.7348703746470011, 0.7569494098538704]};{'parameter_settings': {'reg_alpha': 0, 'n_jobs': -1, 'colsample_bytree': 1, 'silent': True, 'colsample_bylevel': 1, 'scale_pos_weight': 1.0, 'learning_rate': 0.2, 'missing': None, 'max_delta_step': 0, 'nthread': None, 'base_score': 0.5, 'n_estimators': 800, 'subsample': 1, 'reg_lambda': 1, 'random_state': 0, 'min_child_weight': 1, 'objective': 'binary:logistic', 'seed': None, 'max_depth': 8, 'gamma': 0, 'booster': 'gbtree'}, 'AUC_scores': [0.764037023771988, 0.7520196977150846, 0.7619744305715083, 0.7600234081693007, 0.7886865539283909, 0.7490859845174566, 0.753822326191122, 0.7815702740530046, 0.7537290548516231, 0.7529871983955562]}
((3, 11), (6, 7), (9, 10, 12));{'parameter_settings': {'reg_alpha': 0, 'n_jobs': -1, 'colsample_bytree': 1, 'silent': True, 'colsample_bylevel': 1, 'scale_pos_weight': 1.0, 'learning_rate': 0.05, 'missing': None, 'max_delta_step': 0, 'nthread': None, 'base_score': 0.5, 'n_estimators': 800, 'subsample': 1, 'reg_lambda': 1, 'random_state': 0, 'min_child_weight': 1, 'objective': 'binary:logistic', 'seed': None, 'max_depth': 8, 'gamma': 0, 'booster': 'gbtree'}, 'AUC_scores': [0.8346763916705955, 0.8512832672629111, 0.8244450379867045, 0.7816697169648719, 0.8420591396619937, 0.8627569625325585, 0.817293155579989, 0.8153939147114, 0.847717083529967, 0.8106823639274279]};{'parameter_settings': {'reg_alpha': 0, 'n_jobs': -1, 'colsample_bytree': 1, 'silent': True, 'colsample_bylevel': 1, 'scale_pos_weight': 1.0, 'learning_rate': 0.1, 'missing': None, 'max_delta_step': 0, 'nthread': None, 'base_score': 0.5, 'n_estimators': 800, 'subsample': 1, 'reg_lambda': 1, 'random_state': 0, 'min_child_weight': 1, 'objective': 'binary:logistic', 'seed': None, 'max_depth': 8, 'gamma': 0, 'booster': 'gbtree'}, 'AUC_scores': [0.8274693580389146, 0.7979303433631071, 0.7764572987810249, 0.7805943646433887, 0.8220705001232669, 0.7794923524226023, 0.7739629593756633, 0.8430944545189961, 0.7787551745946568, 0.7712660783852766]};{'parameter_settings': {'reg_alpha': 0, 'n_jobs': -1, 'colsample_bytree': 1, 'silent': True, 'colsample_bylevel': 1, 'scale_pos_weight': 1.0, 'learning_rate': 0.2, 'missing': None, 'max_delta_step': 0, 'nthread': None, 'base_score': 0.5, 'n_estimators': 800, 'subsample': 1, 'reg_lambda': 1, 'random_state': 0, 'min_child_weight': 1, 'objective': 'binary:logistic', 'seed': None, 'max_depth': 8, 'gamma': 0, 'booster': 'gbtree'}, 'AUC_scores': [0.8003432747071815, 0.779100210007821, 0.8073982225893512, 0.7894631656760887, 0.7566676377242603, 0.7832932956982008, 0.7846401537094968, 0.7956432883177096, 0.8112803317995978, 0.7609884858800833]}
((3, 11), (6, 7), (4, 5, 8));{'parameter_settings': {'reg_alpha': 0, 'n_jobs': -1, 'colsample_bytree': 1, 'silent': True, 'colsample_bylevel': 1, 'scale_pos_weight': 1.0, 'learning_rate': 0.05, 'missing': None, 'max_delta_step': 0, 'nthread': None, 'base_score': 0.5, 'n_estimators': 800, 'subsample': 1, 'reg_lambda': 1, 'random_state': 0, 'min_child_weight': 1, 'objective': 'binary:logistic', 'seed': None, 'max_depth': 4, 'gamma': 0, 'booster': 'gbtree'}, 'AUC_scores': [0.6508139165330813, 0.6449692727558313, 0.6916286650799188, 0.6569326121545002, 0.7247104247104247, 0.7194157071117689, 0.6318628688860056, 0.6747138341317835, 0.6316626546934023, 0.7063746571033331]};{'parameter_settings': {'reg_alpha': 0, 'n_jobs': -1, 'colsample_bytree': 1, 'silent': True, 'colsample_bylevel': 1, 'scale_pos_weight': 1.0, 'learning_rate': 0.05, 'missing': None, 'max_delta_step': 0, 'nthread': None, 'base_score': 0.5, 'n_estimators': 800, 'subsample': 1, 'reg_lambda': 1, 'random_state': 0, 'min_child_weight': 1, 'objective': 'binary:logistic', 'seed': None, 'max_depth': 4, 'gamma': 0, 'booster': 'gbtree'}, 'AUC_scores': [0.6300598624144949, 0.5986794463071688, 0.6364068396104239, 0.655504480185426, 0.5850716600617947, 0.5811486880657573, 0.6196615231932069, 0.6246793285077014, 0.6304545884627951, 0.6096481880980741]};{'parameter_settings': {'reg_alpha': 0, 'n_jobs': -1, 'colsample_bytree': 1, 'silent': True, 'colsample_bylevel': 1, 'scale_pos_weight': 1.0, 'learning_rate': 0.05, 'missing': None, 'max_delta_step': 0, 'nthread': None, 'base_score': 0.5, 'n_estimators': 800, 'subsample': 1, 'reg_lambda': 1, 'random_state': 0, 'min_child_weight': 1, 'objective': 'binary:logistic', 'seed': None, 'max_depth': 4, 'gamma': 0, 'booster': 'gbtree'}, 'AUC_scores': [0.5775351749096503, 0.5870381825886617, 0.5853426891739729, 0.6206788568611425, 0.5905090240138513, 0.575558772455425, 0.6081655368406592, 0.606423739402964, 0.5787573369824013, 0.578274906002357]}
((3, 11), (9, 10, 12), (4, 5, 8));{'parameter_settings': {'reg_alpha': 0, 'n_jobs': -1, 'colsample_bytree': 1, 'silent': True, 'colsample_bylevel': 1, 'scale_pos_weight': 1.0, 'learning_rate': 0.05, 'missing': None, 'max_delta_step': 0, 'nthread': None, 'base_score': 0.5, 'n_estimators': 800, 'subsample': 1, 'reg_lambda': 1, 'random_state': 0, 'min_child_weight': 1, 'objective': 'binary:logistic', 'seed': None, 'max_depth': 8, 'gamma': 0, 'booster': 'gbtree'}, 'AUC_scores': [0.8392793884350982, 0.8363078527555283, 0.8632327316092921, 0.8222645418378989, 0.814964935014616, 0.8230340667902224, 0.8231832744748242, 0.8299238771364672, 0.8577556489636154, 0.8060148118494797]};{'parameter_settings': {'reg_alpha': 0, 'n_jobs': -1, 'colsample_bytree': 1, 'silent': True, 'colsample_bylevel': 1, 'scale_pos_weight': 1.0, 'learning_rate': 0.1, 'missing': None, 'max_delta_step': 0, 'nthread': None, 'base_score': 0.5, 'n_estimators': 800, 'subsample': 1, 'reg_lambda': 1, 'random_state': 0, 'min_child_weight': 1, 'objective': 'binary:logistic', 'seed': None, 'max_depth': 8, 'gamma': 0, 'booster': 'gbtree'}, 'AUC_scores': [0.8258378992505175, 0.8148212918151975, 0.798392519882928, 0.8018038873030056, 0.8120155631082205, 0.8114471398713107, 0.8219356038786481, 0.8111439407651954, 0.8176905445916711, 0.796789194169044]};{'parameter_settings': {'reg_alpha': 0, 'n_jobs': -1, 'colsample_bytree': 1, 'silent': True, 'colsample_bylevel': 1, 'scale_pos_weight': 1.0, 'learning_rate': 0.1, 'missing': None, 'max_delta_step': 0, 'nthread': None, 'base_score': 0.5, 'n_estimators': 800, 'subsample': 1, 'reg_lambda': 1, 'random_state': 0, 'min_child_weight': 1, 'objective': 'binary:logistic', 'seed': None, 'max_depth': 8, 'gamma': 0, 'booster': 'gbtree'}, 'AUC_scores': [0.7595794468582496, 0.801547239342353, 0.7887048612102693, 0.8010704845153345, 0.7957188721480255, 0.7879559336554858, 0.7918176659985429, 0.7934613875826442, 0.7979205861182543, 0.7943434822566778]}
((13, 14), (6, 7), (9, 10, 12));{'parameter_settings': {'reg_alpha': 0, 'n_jobs': -1, 'colsample_bytree': 1, 'silent': True, 'colsample_bylevel': 1, 'scale_pos_weight': 1.0, 'learning_rate': 0.1, 'missing': None, 'max_delta_step': 0, 'nthread': None, 'base_score': 0.5, 'n_estimators': 800, 'subsample': 1, 'reg_lambda': 1, 'random_state': 0, 'min_child_weight': 1, 'objective': 'binary:logistic', 'seed': None, 'max_depth': 8, 'gamma': 0, 'booster': 'gbtree'}, 'AUC_scores': [0.8157967491300824, 0.8055346351642648, 0.7749927719953739, 0.8086557896030288, 0.7767024730895828, 0.8086954959210183, 0.7546070161567725, 0.7978166294046983, 0.8234311266485599, 0.8039430975756361]};{'parameter_settings': {'reg_alpha': 0, 'n_jobs': -1, 'colsample_bytree': 1, 'silent': True, 'colsample_bylevel': 1, 'scale_pos_weight': 1.0, 'learning_rate': 0.1, 'missing': None, 'max_delta_step': 0, 'nthread': None, 'base_score': 0.5, 'n_estimators': 800, 'subsample': 1, 'reg_lambda': 1, 'random_state': 0, 'min_child_weight': 1, 'objective': 'binary:logistic', 'seed': None, 'max_depth': 8, 'gamma': 0, 'booster': 'gbtree'}, 'AUC_scores': [0.7863781656196069, 0.8178528568083363, 0.7898831531159444, 0.8116551007995502, 0.7882288460386364, 0.7641759276157178, 0.7919147588645852, 0.8027460966192373, 0.750494011911318, 0.7878327141654836]};{'parameter_settings': {'reg_alpha': 0, 'n_jobs': -1, 'colsample_bytree': 1, 'silent': True, 'colsample_bylevel': 1, 'scale_pos_weight': 1.0, 'learning_rate': 0.2, 'missing': None, 'max_delta_step': 0, 'nthread': None, 'base_score': 0.5, 'n_estimators': 800, 'subsample': 1, 'reg_lambda': 1, 'random_state': 0, 'min_child_weight': 1, 'objective': 'binary:logistic', 'seed': None, 'max_depth': 8, 'gamma': 0, 'booster': 'gbtree'}, 'AUC_scores': [0.7735190742466297, 0.7885883043094484, 0.767932590046235, 0.7720535620880846, 0.795558560127877, 0.761072897412653, 0.7827162033571626, 0.7967597414890993, 0.7837820639491118, 0.7970664280240235]}
((13, 14), (6, 7), (4, 5, 8));{'parameter_settings': {'reg_alpha': 0, 'n_jobs': -1, 'colsample_bytree': 1, 'silent': True, 'colsample_bylevel': 1, 'scale_pos_weight': 1.0, 'learning_rate': 0.2, 'missing': None, 'max_delta_step': 0, 'nthread': None, 'base_score': 0.5, 'n_estimators': 800, 'subsample': 1, 'reg_lambda': 1, 'random_state': 0, 'min_child_weight': 1, 'objective': 'binary:logistic', 'seed': None, 'max_depth': 6, 'gamma': 0, 'booster': 'gbtree'}, 'AUC_scores': [0.7294889722927269, 0.7301274352815585, 0.7516924302589427, 0.7200214865761561, 0.6344125969036829, 0.6991046262687456, 0.728495912266437, 0.776851015322302, 0.7216136220843478, 0.6837910065673265]};{'parameter_settings': {'reg_alpha': 0, 'n_jobs': -1, 'colsample_bytree': 1, 'silent': True, 'colsample_bylevel': 1, 'scale_pos_weight': 1.0, 'learning_rate': 0.2, 'missing': None, 'max_delta_step': 0, 'nthread': None, 'base_score': 0.5, 'n_estimators': 800, 'subsample': 1, 'reg_lambda': 1, 'random_state': 0, 'min_child_weight': 1, 'objective': 'binary:logistic', 'seed': None, 'max_depth': 8, 'gamma': 0, 'booster': 'gbtree'}, 'AUC_scores': [0.6994066988012388, 0.6958804143126176, 0.710521232918881, 0.749302701627262, 0.6974549636872052, 0.7051113809685724, 0.6796453794015882, 0.6990427157105013, 0.7104779359124882, 0.731059648168001]};{'parameter_settings': {'reg_alpha': 0, 'n_jobs': -1, 'colsample_bytree': 1, 'silent': True, 'colsample_bylevel': 1, 'scale_pos_weight': 1.0, 'learning_rate': 0.2, 'missing': None, 'max_delta_step': 0, 'nthread': None, 'base_score': 0.5, 'n_estimators': 800, 'subsample': 1, 'reg_lambda': 1, 'random_state': 0, 'min_child_weight': 1, 'objective': 'binary:logistic', 'seed': None, 'max_depth': 8, 'gamma': 0, 'booster': 'gbtree'}, 'AUC_scores': [0.7262738923380434, 0.7521669052308523, 0.7186924545737373, 0.6935288793034811, 0.6958840558715087, 0.685502293634396, 0.7343014695628136, 0.7067453618625824, 0.7236515305596789, 0.7164235827360563]}
((13, 14), (9, 10, 12), (4, 5, 8));{'parameter_settings': {'reg_alpha': 0, 'n_jobs': -1, 'colsample_bytree': 1, 'silent': True, 'colsample_bylevel': 1, 'scale_pos_weight': 1.0, 'learning_rate': 0.1, 'missing': None, 'max_delta_step': 0, 'nthread': None, 'base_score': 0.5, 'n_estimators': 800, 'subsample': 1, 'reg_lambda': 1, 'random_state': 0, 'min_child_weight': 1, 'objective': 'binary:logistic', 'seed': None, 'max_depth': 8, 'gamma': 0, 'booster': 'gbtree'}, 'AUC_scores': [0.770854872861149, 0.8134558669385576, 0.7787510943435424, 0.7812666711122966, 0.7989403415835707, 0.7905446401262495, 0.7994563172777029, 0.7365088761625246, 0.7038521358429093, 0.777832928427292]};{'parameter_settings': {'reg_alpha': 0, 'n_jobs': -1, 'colsample_bytree': 1, 'silent': True, 'colsample_bylevel': 1, 'scale_pos_weight': 1.0, 'learning_rate': 0.2, 'missing': None, 'max_delta_step': 0, 'nthread': None, 'base_score': 0.5, 'n_estimators': 800, 'subsample': 1, 'reg_lambda': 1, 'random_state': 0, 'min_child_weight': 1, 'objective': 'binary:logistic', 'seed': None, 'max_depth': 8, 'gamma': 0, 'booster': 'gbtree'}, 'AUC_scores': [0.7842923312906613, 0.7680062332018069, 0.7771834787072514, 0.7673080329601192, 0.7883836704415501, 0.7549774427026099, 0.7642688637852764, 0.8297972780091348, 0.8021510384688672, 0.7834476828398325]};{'parameter_settings': {'reg_alpha': 0, 'n_jobs': -1, 'colsample_bytree': 1, 'silent': True, 'colsample_bylevel': 1, 'scale_pos_weight': 1.0, 'learning_rate': 0.2, 'missing': None, 'max_delta_step': 0, 'nthread': None, 'base_score': 0.5, 'n_estimators': 800, 'subsample': 1, 'reg_lambda': 1, 'random_state': 0, 'min_child_weight': 1, 'objective': 'binary:logistic', 'seed': None, 'max_depth': 8, 'gamma': 0, 'booster': 'gbtree'}, 'AUC_scores': [0.795051652821551, 0.79084219422025, 0.7704901336826051, 0.7943527759642026, 0.7850786777449454, 0.7816572775756719, 0.7869383959861391, 0.7741069229188551, 0.7869932247404663, 0.791210539281203]}
((6, 7), (9, 10, 12), (4, 5, 8));{'parameter_settings': {'reg_alpha': 0, 'n_jobs': -1, 'colsample_bytree': 1, 'silent': True, 'colsample_bylevel': 1, 'scale_pos_weight': 1.0, 'learning_rate': 0.1, 'missing': None, 'max_delta_step': 0, 'nthread': None, 'base_score': 0.5, 'n_estimators': 800, 'subsample': 1, 'reg_lambda': 1, 'random_state': 0, 'min_child_weight': 1, 'objective': 'binary:logistic', 'seed': None, 'max_depth': 8, 'gamma': 0, 'booster': 'gbtree'}, 'AUC_scores': [0.749859714484794, 0.7775547551046973, 0.8414057851324455, 0.7261393682070449, 0.7611613846436198, 0.7996751289928998, 0.8422554140717547, 0.7903064485463362, 0.7843284860318929, 0.748058446757406]};{'parameter_settings': {'reg_alpha': 0, 'n_jobs': -1, 'colsample_bytree': 1, 'silent': True, 'colsample_bylevel': 1, 'scale_pos_weight': 1.0, 'learning_rate': 0.2, 'missing': None, 'max_delta_step': 0, 'nthread': None, 'base_score': 0.5, 'n_estimators': 800, 'subsample': 1, 'reg_lambda': 1, 'random_state': 0, 'min_child_weight': 1, 'objective': 'binary:logistic', 'seed': None, 'max_depth': 8, 'gamma': 0, 'booster': 'gbtree'}, 'AUC_scores': [0.7313867180064735, 0.7647057254516331, 0.7282494079621097, 0.7546299518283781, 0.7622591067650255, 0.7850009638648163, 0.7596026583279183, 0.7640354134220063, 0.743641909943168, 0.7676293947326154]};{'parameter_settings': {'reg_alpha': 0, 'n_jobs': -1, 'colsample_bytree': 1, 'silent': True, 'colsample_bylevel': 1, 'scale_pos_weight': 1.0, 'learning_rate': 0.2, 'missing': None, 'max_delta_step': 0, 'nthread': None, 'base_score': 0.5, 'n_estimators': 800, 'subsample': 1, 'reg_lambda': 1, 'random_state': 0, 'min_child_weight': 1, 'objective': 'binary:logistic', 'seed': None, 'max_depth': 8, 'gamma': 0, 'booster': 'gbtree'}, 'AUC_scores': [0.7875961371104541, 0.7499237856899101, 0.7630184416081398, 0.7577590311925133, 0.768417699135808, 0.7636227026180392, 0.7845307189152714, 0.7483784763792874, 0.7626157383325357, 0.7464519095006876]}
((3, 11), (13, 14), (6, 7), (9, 10, 12));{'parameter_settings': {'reg_alpha': 0, 'n_jobs': -1, 'colsample_bytree': 1, 'silent': True, 'colsample_bylevel': 1, 'scale_pos_weight': 1.0, 'learning_rate': 0.05, 'missing': None, 'max_delta_step': 0, 'nthread': None, 'base_score': 0.5, 'n_estimators': 800, 'subsample': 1, 'reg_lambda': 1, 'random_state': 0, 'min_child_weight': 1, 'objective': 'binary:logistic', 'seed': None, 'max_depth': 8, 'gamma': 0, 'booster': 'gbtree'}, 'AUC_scores': [0.8414326926741881, 0.8418602132777367, 0.8802416273193108, 0.849489934746559, 0.7911675218892471, 0.8238974305171394, 0.8651222762613454, 0.841549766199065, 0.8781891743951726, 0.8691133408516889]};{'parameter_settings': {'reg_alpha': 0, 'n_jobs': -1, 'colsample_bytree': 1, 'silent': True, 'colsample_bylevel': 1, 'scale_pos_weight': 1.0, 'learning_rate': 0.05, 'missing': None, 'max_delta_step': 0, 'nthread': None, 'base_score': 0.5, 'n_estimators': 800, 'subsample': 1, 'reg_lambda': 1, 'random_state': 0, 'min_child_weight': 1, 'objective': 'binary:logistic', 'seed': None, 'max_depth': 8, 'gamma': 0, 'booster': 'gbtree'}, 'AUC_scores': [0.8134840139709834, 0.8282846697842003, 0.8252256564373542, 0.8183079266163983, 0.8471048221283216, 0.8442182395847316, 0.8335254130200777, 0.8171058412296025, 0.8445620875028819, 0.8418545235675021]};{'parameter_settings': {'reg_alpha': 0, 'n_jobs': -1, 'colsample_bytree': 1, 'silent': True, 'colsample_bylevel': 1, 'scale_pos_weight': 1.0, 'learning_rate': 0.1, 'missing': None, 'max_delta_step': 0, 'nthread': None, 'base_score': 0.5, 'n_estimators': 800, 'subsample': 1, 'reg_lambda': 1, 'random_state': 0, 'min_child_weight': 1, 'objective': 'binary:logistic', 'seed': None, 'max_depth': 8, 'gamma': 0, 'booster': 'gbtree'}, 'AUC_scores': [0.8015228250272077, 0.8088827198110156, 0.8109991747492593, 0.8038725466758494, 0.814504379613605, 0.8185003149841883, 0.766677623738802, 0.8347330376489708, 0.8354733150049086, 0.8312948963040204]}
((3, 11), (13, 14), (6, 7), (4, 5, 8));{'parameter_settings': {'reg_alpha': 0, 'n_jobs': -1, 'colsample_bytree': 1, 'silent': True, 'colsample_bylevel': 1, 'scale_pos_weight': 1.0, 'learning_rate': 0.05, 'missing': None, 'max_delta_step': 0, 'nthread': None, 'base_score': 0.5, 'n_estimators': 800, 'subsample': 1, 'reg_lambda': 1, 'random_state': 0, 'min_child_weight': 1, 'objective': 'binary:logistic', 'seed': None, 'max_depth': 6, 'gamma': 0, 'booster': 'gbtree'}, 'AUC_scores': [0.8303635432667691, 0.7826801918740265, 0.7867955592839225, 0.795957947848099, 0.8240519428495127, 0.7736919933006209, 0.8137464981323371, 0.8326156205757433, 0.8057292361852643, 0.7635658874930049]};{'parameter_settings': {'reg_alpha': 0, 'n_jobs': -1, 'colsample_bytree': 1, 'silent': True, 'colsample_bylevel': 1, 'scale_pos_weight': 1.0, 'learning_rate': 0.1, 'missing': None, 'max_delta_step': 0, 'nthread': None, 'base_score': 0.5, 'n_estimators': 800, 'subsample': 1, 'reg_lambda': 1, 'random_state': 0, 'min_child_weight': 1, 'objective': 'binary:logistic', 'seed': None, 'max_depth': 8, 'gamma': 0, 'booster': 'gbtree'}, 'AUC_scores': [0.7462419398173026, 0.8060031538001714, 0.7340595043053585, 0.7908946551926005, 0.7453185946311789, 0.7527265590165049, 0.7711931757180738, 0.7876535877484555, 0.7628344376285704, 0.7265169360195767]};{'parameter_settings': {'reg_alpha': 0, 'n_jobs': -1, 'colsample_bytree': 1, 'silent': True, 'colsample_bylevel': 1, 'scale_pos_weight': 1.0, 'learning_rate': 0.1, 'missing': None, 'max_delta_step': 0, 'nthread': None, 'base_score': 0.5, 'n_estimators': 800, 'subsample': 1, 'reg_lambda': 1, 'random_state': 0, 'min_child_weight': 1, 'objective': 'binary:logistic', 'seed': None, 'max_depth': 8, 'gamma': 0, 'booster': 'gbtree'}, 'AUC_scores': [0.7391115522721808, 0.7485321075495506, 0.7694835671372212, 0.7792910900106459, 0.7171998271654548, 0.7432614324423924, 0.7745596173193005, 0.7552475679117967, 0.7427835408053189, 0.7682923860960538]}
((3, 11), (13, 14), (9, 10, 12), (4, 5, 8));{'parameter_settings': {'reg_alpha': 0, 'n_jobs': -1, 'colsample_bytree': 1, 'silent': True, 'colsample_bylevel': 1, 'scale_pos_weight': 1.0, 'learning_rate': 0.05, 'missing': None, 'max_delta_step': 0, 'nthread': None, 'base_score': 0.5, 'n_estimators': 800, 'subsample': 1, 'reg_lambda': 1, 'random_state': 0, 'min_child_weight': 1, 'objective': 'binary:logistic', 'seed': None, 'max_depth': 6, 'gamma': 0, 'booster': 'gbtree'}, 'AUC_scores': [0.8424696924386372, 0.8654093122244927, 0.8207194869433291, 0.8787358238825884, 0.835589022872961, 0.7811322490855973, 0.8649270833333333, 0.8829445090895219, 0.8068140430552773, 0.8477529394837341]};{'parameter_settings': {'reg_alpha': 0, 'n_jobs': -1, 'colsample_bytree': 1, 'silent': True, 'colsample_bylevel': 1, 'scale_pos_weight': 1.0, 'learning_rate': 0.1, 'missing': None, 'max_delta_step': 0, 'nthread': None, 'base_score': 0.5, 'n_estimators': 800, 'subsample': 1, 'reg_lambda': 1, 'random_state': 0, 'min_child_weight': 1, 'objective': 'binary:logistic', 'seed': None, 'max_depth': 8, 'gamma': 0, 'booster': 'gbtree'}, 'AUC_scores': [0.835226666184563, 0.8266484353186324, 0.8438958407884534, 0.8211181638391903, 0.802050900951095, 0.8084342783413191, 0.8136435771921589, 0.8298788393452997, 0.8035103391982586, 0.82344548614492]};{'parameter_settings': {'reg_alpha': 0, 'n_jobs': -1, 'colsample_bytree': 1, 'silent': True, 'colsample_bylevel': 1, 'scale_pos_weight': 1.0, 'learning_rate': 0.1, 'missing': None, 'max_delta_step': 0, 'nthread': None, 'base_score': 0.5, 'n_estimators': 800, 'subsample': 1, 'reg_lambda': 1, 'random_state': 0, 'min_child_weight': 1, 'objective': 'binary:logistic', 'seed': None, 'max_depth': 8, 'gamma': 0, 'booster': 'gbtree'}, 'AUC_scores': [0.811399564902103, 0.8272894042359727, 0.824629386891368, 0.8144952262967355, 0.8220818734555371, 0.8387403681846252, 0.823852734596822, 0.8068674704767508, 0.8123789633185438, 0.808754630613531]}
((3, 11), (6, 7), (9, 10, 12), (4, 5, 8));{'parameter_settings': {'reg_alpha': 0, 'n_jobs': -1, 'colsample_bytree': 1, 'silent': True, 'colsample_bylevel': 1, 'scale_pos_weight': 1.0, 'learning_rate': 0.05, 'missing': None, 'max_delta_step': 0, 'nthread': None, 'base_score': 0.5, 'n_estimators': 800, 'subsample': 1, 'reg_lambda': 1, 'random_state': 0, 'min_child_weight': 1, 'objective': 'binary:logistic', 'seed': None, 'max_depth': 6, 'gamma': 0, 'booster': 'gbtree'}, 'AUC_scores': [0.7905695408950617, 0.8469041937762759, 0.8479803973863183, 0.8095815541321947, 0.857627132356808, 0.8152777777777778, 0.8421978793110129, 0.7986616671748743, 0.8328161302937591, 0.8216663509598204]};{'parameter_settings': {'reg_alpha': 0, 'n_jobs': -1, 'colsample_bytree': 1, 'silent': True, 'colsample_bylevel': 1, 'scale_pos_weight': 1.0, 'learning_rate': 0.1, 'missing': None, 'max_delta_step': 0, 'nthread': None, 'base_score': 0.5, 'n_estimators': 800, 'subsample': 1, 'reg_lambda': 1, 'random_state': 0, 'min_child_weight': 1, 'objective': 'binary:logistic', 'seed': None, 'max_depth': 8, 'gamma': 0, 'booster': 'gbtree'}, 'AUC_scores': [0.8008235305396569, 0.7930592544430999, 0.7485017453794816, 0.8122259447547864, 0.7762371742325738, 0.7905454913997008, 0.7559250160474678, 0.7629900402352052, 0.7965796010996249, 0.8133576437977079]};{'parameter_settings': {'reg_alpha': 0, 'n_jobs': -1, 'colsample_bytree': 1, 'silent': True, 'colsample_bylevel': 1, 'scale_pos_weight': 1.0, 'learning_rate': 0.1, 'missing': None, 'max_delta_step': 0, 'nthread': None, 'base_score': 0.5, 'n_estimators': 800, 'subsample': 1, 'reg_lambda': 1, 'random_state': 0, 'min_child_weight': 1, 'objective': 'binary:logistic', 'seed': None, 'max_depth': 8, 'gamma': 0, 'booster': 'gbtree'}, 'AUC_scores': [0.7607627690453558, 0.7821642140086557, 0.7788288606304421, 0.7675915108579332, 0.8037842627498502, 0.7776422647313436, 0.7887909237918619, 0.7729512256187487, 0.7723630858315798, 0.8062217036078774]}
((13, 14), (6, 7), (9, 10, 12), (4, 5, 8));{'parameter_settings': {'reg_alpha': 0, 'n_jobs': -1, 'colsample_bytree': 1, 'silent': True, 'colsample_bylevel': 1, 'scale_pos_weight': 1.0, 'learning_rate': 0.1, 'missing': None, 'max_delta_step': 0, 'nthread': None, 'base_score': 0.5, 'n_estimators': 800, 'subsample': 1, 'reg_lambda': 1, 'random_state': 0, 'min_child_weight': 1, 'objective': 'binary:logistic', 'seed': None, 'max_depth': 8, 'gamma': 0, 'booster': 'gbtree'}, 'AUC_scores': [0.7946240573574316, 0.8118890279649453, 0.8049412697314199, 0.7769331706489446, 0.7931564502135612, 0.7381804529604395, 0.833484102495649, 0.7248238140544077, 0.7835183935366936, 0.8243691970881174]};{'parameter_settings': {'reg_alpha': 0, 'n_jobs': -1, 'colsample_bytree': 1, 'silent': True, 'colsample_bylevel': 1, 'scale_pos_weight': 1.0, 'learning_rate': 0.1, 'missing': None, 'max_delta_step': 0, 'nthread': None, 'base_score': 0.5, 'n_estimators': 800, 'subsample': 1, 'reg_lambda': 1, 'random_state': 0, 'min_child_weight': 1, 'objective': 'binary:logistic', 'seed': None, 'max_depth': 8, 'gamma': 0, 'booster': 'gbtree'}, 'AUC_scores': [0.7908340733005246, 0.7907171741619085, 0.8017161472326706, 0.7718563620046357, 0.7938430672088428, 0.7945559082381362, 0.8044266713357554, 0.7861459710289875, 0.798603684402921, 0.7415230852066228]};{'parameter_settings': {'reg_alpha': 0, 'n_jobs': -1, 'colsample_bytree': 1, 'silent': True, 'colsample_bylevel': 1, 'scale_pos_weight': 1.0, 'learning_rate': 0.2, 'missing': None, 'max_delta_step': 0, 'nthread': None, 'base_score': 0.5, 'n_estimators': 800, 'subsample': 1, 'reg_lambda': 1, 'random_state': 0, 'min_child_weight': 1, 'objective': 'binary:logistic', 'seed': None, 'max_depth': 8, 'gamma': 0, 'booster': 'gbtree'}, 'AUC_scores': [0.7813196936025906, 0.7936561957802475, 0.8075850886116562, 0.7638717466972316, 0.7747245068574709, 0.7914085404065608, 0.7706906591050039, 0.791223082821465, 0.8008099930538388, 0.7840307414248862]}
((3, 11), (13, 14), (6, 7), (9, 10, 12), (4, 5, 8));{'parameter_settings': {'reg_alpha': 0, 'n_jobs': -1, 'colsample_bytree': 1, 'silent': True, 'colsample_bylevel': 1, 'scale_pos_weight': 1.0, 'learning_rate': 0.05, 'missing': None, 'max_delta_step': 0, 'nthread': None, 'base_score': 0.5, 'n_estimators': 800, 'subsample': 1, 'reg_lambda': 1, 'random_state': 0, 'min_child_weight': 1, 'objective': 'binary:logistic', 'seed': None, 'max_depth': 6, 'gamma': 0, 'booster': 'gbtree'}, 'AUC_scores': [0.8378493175469812, 0.8778798853077066, 0.8342415286525489, 0.805777575538144, 0.8271484375, 0.8221451600506468, 0.8558169843578112, 0.855241338428533, 0.8495331247734774, 0.8085060504469168]};{'parameter_settings': {'reg_alpha': 0, 'n_jobs': -1, 'colsample_bytree': 1, 'silent': True, 'colsample_bylevel': 1, 'scale_pos_weight': 1.0, 'learning_rate': 0.1, 'missing': None, 'max_delta_step': 0, 'nthread': None, 'base_score': 0.5, 'n_estimators': 800, 'subsample': 1, 'reg_lambda': 1, 'random_state': 0, 'min_child_weight': 1, 'objective': 'binary:logistic', 'seed': None, 'max_depth': 8, 'gamma': 0, 'booster': 'gbtree'}, 'AUC_scores': [0.8279360606958123, 0.8055316807703148, 0.7953787773642292, 0.810118752453563, 0.8155577216739378, 0.8322876197600974, 0.798714940253407, 0.8257889590517562, 0.8310950210079902, 0.80708335454251]};{'parameter_settings': {'reg_alpha': 0, 'n_jobs': -1, 'colsample_bytree': 1, 'silent': True, 'colsample_bylevel': 1, 'scale_pos_weight': 1.0, 'learning_rate': 0.1, 'missing': None, 'max_delta_step': 0, 'nthread': None, 'base_score': 0.5, 'n_estimators': 800, 'subsample': 1, 'reg_lambda': 1, 'random_state': 0, 'min_child_weight': 1, 'objective': 'binary:logistic', 'seed': None, 'max_depth': 8, 'gamma': 0, 'booster': 'gbtree'}, 'AUC_scores': [0.8032843650300371, 0.7952481928110813, 0.8344320238863111, 0.8072505495990396, 0.7989271930492337, 0.8425053809142435, 0.8174296040931066, 0.8133476671493661, 0.8087902419566578, 0.8190014686495942]}
